client_id,probability
002218c52073faaf23bb26df2cffb138,0.31487662
0069d4050c7aeb341317e2e125e8fd2e,0.37267697
0083fb89aea18c408a5534cdd38d7692,0.45824564
014021fa559786c81e9e1d48d378aabb,0.4150921
01759f92152bbb3de79f9493a4a5cd6d,0.3220106
019b5770a0126c8e9653024d90c24a47,0.5202248
01cdd2938bb35672179f413d33eff98c,0.5133502
01d3775fb2681e22e24e2824207ff773,0.43505067
0232d0facd3282f8317b16a1fa7a332f,0.3935627
0238142546a9e0b4ef8a14b769a3780b,0.3549827
0255393cde0896506f6e9f43c13218de,0.53458285
026568b7a3cd99d2aaab3597911253a9,0.37588093
02c38e5b3990448f6f1febd6185255ec,0.6494351
035f8387d2dea7bda47401725835d896,0.49331057
038506db89c32294c008fae5c1df4e22,0.64785033
03eb714e5f1783667ce3d442661b2229,0.6004032
03efb0f0c95daa0b02cabf04679088a4,0.3289055
0433dca07ab24e4637ae6e2623743fa7,0.3606694
04c612cce1088d68cdc96b7daddfde8b,0.34806913
04e889ad08182788e9aa9a24781cfcc3,0.3876967
04f8166edf36837eed65872549e34276,0.48927534
053e23227360c3dc193644ab67649479,0.559302
056ffeb0a7354fc63466fde5bd97bc53,0.44667697
06fbfdd5130e86ba92dc8227c9ab576f,0.34174556
0708aafb59be1c5883f828d93c3d4554,0.35336554
07133675964764ae7b4e3bab62775fff,0.56052315
07e030daed7a613f440d1b063a267355,0.24003245
07fe858d26127b0050538f98f555d151,0.26326868
081cac1126d838e9451ae8e38ef0838c,0.597296
088304f0972a4118cdb8e54a59054d52,0.39509508
090d8a7ec72583bd43d2d4708ba8f3dd,0.40622768
09101afc651d96df1772d9d7b08cba2a,0.2433568
095c222474bfafda68236758964916a4,0.5998105
09f496253c803fb33d4fa167c7f16b50,0.5216365
0a42d72d5f8e633bce3ad88283e35b32,0.5347928
0ac0c7fa0e14e7c7827ef1818ae2ca66,0.5899892
0adbac13d3e75dccbea5ff1c03a0afe5,0.5894955
0ae081b41c51d1780f252a11fcb14e83,0.33123946
0af41dd557bf452cbdc9b8ff81bd7230,0.26368544
0b7ef654415c3835a7f46c45537da5d6,0.34963933
0c60effea5218f9676283ad9062ad6c5,0.4903153
0c73c310fa2f1b5279f20c5300f2b925,0.30001488
0c90c478230fcb43ea7492c9f604c1b5,0.3096692
0d11f81b16275479b3745c41e5817431,0.35918334
0d771c2e252240c59858f288fff87907,0.43513116
0d7c26c7028463f9d8a039c432265a98,0.33921084
0d90133f20d690f9dcceef85c545a743,0.29632217
0ddf9a8778d93b887117be12ab67f71f,0.367065
0e3849ad5378657bbea97057b6cbdca6,0.31082994
0e463cde765c6226d417f78e05e10c4f,0.36134046
0ef1908e7689a3783e650d320b3de76d,0.28955024
0f5c62682963a712c12ae4e4c23d6e63,0.47671214
0f82dcefeed6e30f0a382f66b7db88c7,0.6179627
0f970f7a111d92e82e153ccef9d56eb9,0.3535723
0fad4cc0bad65ff0394a4e20bb8e2b27,0.29029337
0ff0fe649132037f6f5bdcb4084dc154,0.43710774
103d968a05e81dc8150b525e31da4035,0.3830101
10c378ecadfdab85149fbffcf2202db9,0.4796678
10d96802d37bd222b0cdfc269cb5da76,0.5527506
110c752138e8039d919bc4733be894fb,0.29679275
11656f3e839565bb7daff8469fbdd4a3,0.48659852
11f1ffb065a96bd210cfc755bfddfbff,0.47980613
1207e6d84c6785af3022c1523af76ac0,0.37589455
1230f8a4d34bf55cabebcfa4107a587f,0.31801477
12362c05404834dc4c6c1cb1cb4c2cd0,0.30036026
123cc9e6e6034c8f42430a27fedb4d5c,0.38546324
128e431eb623724242a4678a341ee302,0.42190602
13189a768f328bf7e036c764fe9e54b6,0.62988394
137b88ab97a3fa80ebb42bfd306a8965,0.27278167
138a2aff06b5ab333a900e33a7a1f10b,0.42721173
1460dcbded1a7662ae3dfc75303b61c2,0.3504671
146a361db097b387400fcfb81b61ab64,0.27391154
147741a0811c674e0fb00808d52b2695,0.4270027
14b92a7ee75652db14eaba2c7a40a369,0.2885235
14c6a248c4b72c2621fb7809d73094e4,0.34716004
1561e4d7adf51abaaa7100d91b91fced,0.34861302
1566036a98f21f80c822bd19423a869a,0.3938323
157e2f0667575192b526fa8feca3a779,0.72063404
159f787755ab1b81316770c2c32919ad,0.28235787
1643bc583f09e71bf8237a0cbadf7039,0.56343997
16574417ec891339c88a983bbddfdec0,0.33920974
16bedb0b451744a9e6c465afaf9ab943,0.3068293
16d5f5a5bbb104c224577a4d75689f06,0.38814887
16d8766aaff61ee9e7ac9f386db8e0fc,0.5578576
175fc778b2dc434b73beb4bf3651d092,0.47156137
177377c1f9da61c18e2979dba631d8f9,0.7685339
17863265e795a5ccf1e4ce9d861159db,0.5837008
1799ca9b2f5f2b03d1e9cf059b2b1219,0.37476888
17b4358c1ed345d881649d350e0dabc7,0.43184063
17bd8e0911569eb27ab1fe592b5918be,0.34076896
1844a5a6507015f4fc3078f21dee0dbe,0.27360937
1856e422d692d04c44f3c2d9ea762a4b,0.3609177
187bb017d01a9a125d58da76ec1d24b0,0.80331075
187f1e3180a43c0806cae12ef28a2def,0.3157221
18c89d23036cc2241467e6aa801d4532,0.31802154
18cb4fb294aed3e2f70b3c05b34a1630,0.2696587
1938b7cb85bfd2c01f953294576d1e33,0.67889285
19aa61630f46c329d58a94d7ec811220,0.37261248
19ce9160bf70256800fa532ad4e73ce4,0.35883746
19dd141c21029cdfeda7622031fbe7c8,0.44912785
1a97b95b5fd2159a3c114dbcf8453a07,0.3757782
1aa2a36ff817401289914a5fe43afd47,0.35756847
1b4ef2b51648d4e2e260a846ef266e4b,0.43329552
1b8ae0a863c5eadc6e0c13dae558f169,0.5984151
1b95cf714be0647767080354fd7cf079,0.5955572
1c07ac7cf4c7a8f539d4cf68d5b794b8,0.60421276
1c3126f37ea188db88033f24244311ba,0.5777453
1c799cff9ded67facac26128d5afceae,0.2763704
1c8a551fba8087ef64c678982913f551,0.4867228
1cad119091fd09fb7d7d0acdb7a2d616,0.27628696
1d100219fc467704e2b0f684c753a1dc,0.6059621
1dce9638fca8cc53b41900c4edf9131f,0.38802937
1dd1efe731c0f72fba9b0c73f3e77add,0.49091107
1dd8a76776b6cf303e97ac86f12c1400,0.5684962
1e8e7c03fc1d96703c750443494b287a,0.2865753
1eade58e33d74fd59c9ce2460c4f171c,0.2585709
1f4ef956c6822a878e572a2376fcb5d9,0.36597034
1f5115773f578bb4056b973e6e7a0593,0.42697322
1f5c9f01df235cf2a0115bf4f42454b4,0.43670315
1f82c805464a70e324a8dcdc684d5409,0.45007917
1f8512a3ca5c9f863a9171cf04ff0a6e,0.34183842
1fc85c262cbef9068fe27db0f5675e8d,0.6799557
208cf9c933c3e20749fae623309b6549,0.29386944
20dfeed7bcee88775061df639c060983,0.32063437
2179e54dc1d8e2dd6d80714280aadbbb,0.48540622
21b02ad331a533c590294fa2a06eae95,0.67874706
21b6e367d4a73d07b54eb2e7f844d036,0.38786703
21f43770a63dfede36ca2d328b8de888,0.42933875
2267a21affb9653362e70c1bbeaabd19,0.38713422
22752e0cdf783fbc0a12893a83eb9025,0.30153033
22fd18b812fa4cb5d53879c1541bfcf3,0.43590236
230d3dea0b56f1ec1b4fe03d421865af,0.33169836
23550db55b90443a3f30a9111b6996ce,0.31810224
23b9f4703e8904f0dfb5d05dba11d798,0.52014405
242fbba9c28a9a14135970d5a7c0fe6e,0.649227
24a63dfd4e20dad30f2b3bc047eefaf7,0.44718704
24e025cbc49a7a26d9e29f0592b8095a,0.6962217
251431637700df09154c635ad1c00d24,0.56601155
26288a7e4c578dd9f8a559282e389eb5,0.45750865
26aa002f6899db01456a195784a5b6f7,0.5113886
26d7c634d050159934bc818c9330d88d,0.5267581
26edfc476a4caaae1baecf051eb1b432,0.54910284
270c750e77ba71f1893119dddf3888a1,0.3560826
274ad6dda7f11e219e2593ef1b0013c5,0.42927012
290c3bb9c2c709d41ebe5cb8bc278048,0.40686002
29b1499fa9d6d3c06e9e3f6c4ceaf42a,0.31969005
29bac96a98fb97e4925bcc4273a36a4c,0.46753216
2a037a158776e67ba33d93b64e76fcb1,0.43501097
2b265f10df352b6f590ab4ea856fd5fc,0.58286875
2b5a39d27e8808931217fac9a96eae0d,0.3177685
2beaf3b86f3ef8883c393a45c076a1a1,0.47209102
2c137d748e2e4032bbe00344828558a2,0.3669892
2c5443f55ad82fc02c09020d77568a87,0.46438536
2c84951cecc8d6575f2c09bd63c6b53a,0.42193428
2ca96420038aea24a51db460cbc9bd99,0.62317324
2ceedfb41d51a8524eb67e5c510a0d52,0.4747214
2cf58cd255048aa5ad65e4f44d791a40,0.31266943
2d4858133dbd7db0b65ee0721dbd67cb,0.3078881
2d6fb4f18e3c641d9b3924daebb3acaf,0.39616162
2dcf0ec41e2a4ccc20143b0e36bae5c0,0.3602141
2ddabe3c67faf556bdb652470196ce94,0.3162348
2f0b3371d81381994cae1699c067c3c5,0.49777985
2f3af495b54b52cc96343205c17f27d9,0.57297826
2f751954898db113373a5f2e96d8c310,0.40533715
2f7d48d6c25e1a4f4c4976a03cd880cb,0.39966375
302da6b2274fdc2690372b681c1fbd5f,0.43275225
305375e6f475d6297361d06880e05108,0.4339271
30543381520323b653d076ef51dbf4af,0.40107596
30669b7b5ff4ac087947fe3de9eb7df7,0.34617946
30e067538b20832bd6cadc8fa28452cb,0.5574003
31807d345d4dfd01c9a0d638386fc295,0.3652401
31f8b256aa6bd7a3cf18afbb9ef73246,0.5883217
3237ecd3f59e48ee45432c0c840417fc,0.54080725
32e387b6e006f0d936591de8ce4cea55,0.76918495
32e3ead87b2eb9729db830c23eb4116d,0.4512709
32e9b61fce2917ed59cf09b27a2c2d0a,0.22346543
32f14f792d60a5bbae5ebd47f4ceeefc,0.43651998
348b1fe222c97db91c783c7f3c4db6b1,0.47484058
34c9e0979febb586556b5614b556f84c,0.3481279
34d771cbf883643f0e1d892ccbed5e12,0.4021153
34e57f708aa52f25fae1725bbede6a7e,0.558943
35c63610a18fd9479f097e06a8556479,0.46595395
3646571bcdb5ddf2da1cdc6943d274f4,0.42477265
36a4d92ad6a87dd1aa3abfeb3c6315be,0.38660988
36f2b6ea13d76183ba8200d89cce6e1a,0.5624182
36fdcd374dccba314e184d1bc8285250,0.55698764
37979462eee882f4bc2ba207a48c9c3f,0.32005647
37a0f6933f49c1202d0233aa18d7e683,0.48654467
37a9b22b0aedaedc75cf78836aadfb07,0.3170685
386a59c5046d3cc8075b29defdf2e1de,0.4552547
3885c19a0259e0e20b76e4a6d809acc9,0.60784906
38a67fccffc6ce108838088cd5ab9013,0.49796423
3944973a39836d907307aa2fb01a51af,0.79732066
39d01adc67e524f67fb7f924feca408d,0.5560563
3c0d5858ab1fbb9c0f8e9b410d2331a5,0.5605992
3c21c6c9522551c56dd82b78d14ce2ee,0.5122072
3cb90aa725875abcb13e5472623c49d6,0.3487468
3cc9a5a997c89e08609e34f7c2b26960,0.45133343
3cfef297ec35f7e70942e2659d80f8c2,0.6333175
3d0e7ab3d27e0f6be2a3b009b1267194,0.4273097
3dd138364dd2b78c698fc9c0317e4d8d,0.5292929
3dda2aad75f4aa22b61c1e7e0c7affa6,0.3528398
3e306994a0cfc39e703418c69eaee8b2,0.37214988
3e456492ddea48232cd921fee013e927,0.48587456
3e97d93d93bb3fd3af8a1cf775bfc987,0.56484026
3ebe899afd3146152854c84bae426812,0.6251853
3f11d9f0411c143e8272b3d6a1bc0a49,0.3350747
3fb8f08fc12d0d53191cc35f543ad1ff,0.5949672
3fd7bdf33dff977192232420c26a02e8,0.52832174
402346432985ad3f02dc0558d7825712,0.44031036
40833f7d72d1a499565a247e031a4625,0.42902872
4085c0895aeecbbc349aeea0f2013101,0.38646412
41146ce831aa7fb0eb11c5d056f4486a,0.429833
41499f4b1ac4b4c92f972e976f667996,0.38794222
419e3c44513404f90c27fc9b2dc97af5,0.6389131
41a72c0c63cb24d78b2710193edf31d6,0.2995624
41aff7e3dbfa6893e3ab70049373e89f,0.48753527
41f3902c8d140e0b25e5935a5d82f6ab,0.34756443
4205bbd2fa65b4ae88e6d086e979c183,0.33367118
4253d34ad88210746dbde20a5f709d53,0.50043726
42a91e77e9dca2a3dfaf9acaf41af913,0.5979756
42bc7e3300fb3ad7a6c2ac09674076db,0.39747232
43510a0facd1f0653838f6cad04608f6,0.5664553
43c2ea3482544a4f64d158546862bccf,0.4037606
4450f274c72cd90b32565738c64cdc1e,0.36530313
447f896dc49eb7deafa2c8388886427b,0.7264332
4483f33e920f45bf3a30f6f0d0e2e534,0.25702697
448f15a0f9ff955a77a7d61d9d9a489b,0.44411156
449813ff3f5a8a8d9fbc3fc03edce90b,0.7767523
44a6dae928705cbbdd82a4ebae6c115e,0.30717793
44c46e9eafc561d6eba535b2fb33321d,0.34111002
454cded3cf3ec24ad48c31d1c04d3f37,0.48765585
462b7062cc829bc9e360fb2286433184,0.32687554
465b996d74e05ff8b2af624eba356cc4,0.41509774
46c32c6818464df1ae4b91ada410b007,0.44901308
4750af83b1a42e3f45892a3029753c28,0.48827627
4763700551016248d5c65a222980f181,0.39626253
47c43e83cfe626d622098b18b27239e3,0.31575465
481630dc224a210e3255afbbdaa34f79,0.51036525
481a6c3d720cc98cd9d187e1a0706329,0.4096671
4832ccb027149290f5dea864aa3866f2,0.34754246
48b5a7e91ed9fef6c51cb5c547abb5ee,0.49714977
49711c35baedac3dc87cb5629b55ea94,0.43179977
49a4319a96205bdd1519f1d7fbdf0890,0.3463868
4a97c6b93ad707718599d7ea64de0e25,0.62632114
4afd1e7ea3bc30a7fc1d9668d0969830,0.38229242
4b04cf6af4125eff5915a120e026e6c9,0.3586093
4c48add89ccec103c006d17ea3282178,0.39910153
4ceb1bbf445940b4681cd752d9d35ed9,0.35452136
4d22f73f3f300b546464f4f34f655d74,0.5381449
4d52521f797dab274f6a539d9de02cc2,0.31958997
4d61ba8cf5711f11fd5e260e8965a9d6,0.3587309
4d86a284e904ac842c3e71d5855e71f0,0.43749714
4e11672ac33b14847b9aa65cc56e4709,0.7828509
4e63e0405272dacd06a4fcba28283b0f,0.4007207
4e6450befb6da6474f12ad4f3433a826,0.37185314
4e731341bedfdd8a9509204b25ea4108,0.44591355
4ec7c9161cf6ff9f53f7c3648f540d7f,0.5030915
4f8f898cd55e81ba277819f37504d7a3,0.43685457
4fa5f58b3500ecd2070fbea1c0b2a58b,0.33702192
50c2d61003cc32819eb6bf4d822af546,0.3489171
515401fef3b2674821f0acee58b5b2e6,0.6238034
5168fa0ec6923163feb59dffa6b9774b,0.3059254
51ca84230ef2d5af22004305ab549098,0.3600051
526273e0d93cb99922905da6e439d8a3,0.4234108
5288839aa656ea5ab27f9b110ff6e201,0.5105214
533c25b4b650071653565a49ffccc479,0.2694331
5460691182979ac0d2fb763363419535,0.5841144
54f6566a84d182c59ef3928c6b1c5d90,0.37742385
555a4963db813dd7b0b8d70562754a58,0.28061032
558faee7406823dee81392599f9e0fb1,0.5401627
56157a892db8ab471761e8d063eb3f71,0.48902392
5698a25223537fbd57aea98736696234,0.59781444
56cdbec413064c1c275fde7f6edee5a7,0.5294278
56e83cac646c000bcae2a306f47f5fce,0.57992566
56e8be18f76089c398021ed3f34962d3,0.48979762
5701fe145b67fe2f53aa9bfc971dd96d,0.39218992
575ed23d5b4cbe1d708acd549d0e57e8,0.43134496
57a13ba881a745a2afab860dfa78948f,0.58329535
57d1e82b7c39c1272541f9ec9b759f35,0.44172686
58337f92fbf9838df45ed893e1e82a89,0.30945215
5846cd3fa2e61812ce42e85cca80d188,0.36241135
585ee41f0581dc94a719e7556523bd42,0.2677835
586f502860f9c96ca4d463d0b0f047ce,0.3648728
58e158e8ffba45551e45ae5761be7241,0.57196397
592f66930c8afd85f73a563740736afc,0.39549503
59365781c9a6fa2ebc63e601149e11eb,0.2851167
593fbcd6606c9d045e6deb658b181bb2,0.33215111
594d1f361e44474328a8cd1f40ccdbfd,0.6546565
5963661ff1393bc7823726039e056c4b,0.36988595
5a3558dba9e01e49607776ee6d9e1c5f,0.37491947
5a3b86b47829977f56e419b4745c1898,0.58037543
5a5ae67416bd80efe5370bf897bea58e,0.40135136
5ad05c06ba8584797f59fa7752580449,0.5076282
5adc8c3d1f637d168f54f126baf72819,0.2737082
5ae53506303065cd6ea270af103d3cfd,0.319377
5b15ea3985c0893c8fe28f9526f5f1a3,0.35965994
5b4b5573bfa6f8f8083c2ebe63fb2ca8,0.4532776
5b5e1c307f44d5a19324250e427b4193,0.31357363
5b5f4597b5004b98139b9422235ccb58,0.3464896
5be2314f09f8f6299127d9d4e003c0d0,0.47867298
5cb635594dc2e5fc21b3875f798983a7,0.3064458
5db0669e462366d6e5f7c2b8c5253914,0.41420448
5eebb793c5a8498c13681d9d1574e377,0.36774606
5f023a881fd144851163b6e5842ef182,0.45074967
5f3d906cc4ff5ee0effcbda4f9925575,0.6039551
5f4244638a3d052c59df2ae5334a6305,0.48148218
5f56d6576783220d6dd7f224e54d794f,0.58553374
5fa5d246e3c2692eecf47b75615c60c2,0.4821794
609ca9518531577cdceebaac072bf409,0.31060776
60c5dbe49dd37add2df45b4164c25ebe,0.3146601
613bdfa010b57b39741096aae8d98b76,0.35107714
6250bfd8538bff3f835cb1e3c9a35f71,0.6549813
6284b2cb0c2364a2e4ddc3dcf6c2156a,0.51428765
6382e7eab0656891cd576702a9a45446,0.54178685
63cc54897eae0bd56396bb3df6513c4f,0.33406284
63d0e6f690c386895d4e08fe5d0e688f,0.2970576
641064c94be67dcc507f03aba388a872,0.34705716
641be7d65a4a865faaa155429ea80c3c,0.564439
644d761632e7fb4339d61f554c119bc1,0.41335702
6460db5f998f39be8610aafdc9aa8f55,0.31061605
64ee202c4fd9b204ede4d2bcf8ee3999,0.36087057
64f2e4c12f16620c7c59fbb38f191982,0.33610213
64f4f7dad42c28513f7ba28fa60e97e8,0.49018806
655d3710c5bf14e5dd2db18f3ea3157d,0.3855804
6599b53b685c9f316e60a6fcfeaf3a18,0.35687312
65d6e3e70dcc36f59fd36b764a737662,0.33762962
65d9b0d4d8ce5681f920abe9024fb754,0.30700347
6602b3e1b9f0e28a2f6149debb476f05,0.49292758
6618134ff921dc9ee4c8843103890044,0.50243807
663a854d19b834b0f618f9efae0f6b66,0.45060176
663d83eec687ea12ba470a4b9170469f,0.65417534
664c13a1d033d4968421c8d789a51491,0.5055954
66c2bfc7172a54c85b34adca78fd00c9,0.2737345
66dab4749cc357d828629d84620423e5,0.5570883
66e041602746a244d8198905e7f01daf,0.33605996
672de9e5c61b18c3f33259e0fe94102f,0.5122704
672eb8181dbbe6721b9dcb9822a0d95a,0.47026417
674b73d663145b78ddfe9f92752d6b7c,0.31813934
67acc203cdcfef90a14369c4d4b3587d,0.36851573
67b307744c628eeee0d08eff93d71bd6,0.505018
6804c1e9e4c8b11bae3bd82bee764052,0.5467928
68134213e5d9c154bfa17ebc82f98319,0.3203566
6849213c7a47bcdbe2b733721692a014,0.52173144
6899424d5d9c65aaa2d57fc74e2e644a,0.29316318
68c7fcdbdbf9abb3c061ae754939f645,0.45365533
691babba2be2e16a5ff2fae539081df7,0.47322991
692a33fd43ff64e75261f8b8afebccb3,0.43608928
6953fe819b99c13aac443292a4d220e7,0.6218584
6a2b5e932faa624943b702f9b9c1837e,0.2050923
6a46a93abc2f9bc085124f41839ccd04,0.58287257
6a5f3a79413ef7c127495525752faf3a,0.64418113
6ab72b4de20634e66fb35281c01d419f,0.28239077
6b1bf5dcb20f33efb520178a29577477,0.39935493
6b20ec4a0b7010ae1deb1c72b7506e7e,0.4454223
6b4fce7677d731a405460fc9a7438311,0.5172166
6bde4b706fa5028be4810b1ed22a571d,0.3608672
6c6dbeb09c4c705d0fd26d4fb4afd5a3,0.46963894
6c740b616fabb5f11efa388431ca58ed,0.3572011
6c7f123d86783792cfb2a889618cfeb9,0.41190368
6ca0d9136c759cb1dbb5d4ecac758871,0.41440555
6cd7c62ee9d81f8521476edc422e1641,0.32830137
6d229e22deff9a29582e7567e54265c5,0.54099834
6d607bd8cc87c5ab45b61d5485b79601,0.39622447
6d97a8226bf92a20b10fffbdf1dd91b2,0.45010573
6db0c4375fc6a0f097212ce7da23142b,0.3302215
6e809e8160c3f02036cc49203e6ed1d0,0.31389165
6ecdbf55810a3d5bbb2ba94cf4e136a7,0.27800614
6f452dd2295a030e9b56666034f8235e,0.41440976
6f8d54fad6cc449765fa68fe2d583145,0.32129192
6f8e218adcbb4b5138367f1766425a4d,0.2628179
6fa14adcc0851731095ac8cfa3224c9a,0.458704
6fd55370fafb8f31240e4b798cb2abf3,0.4077952
6fddab9c2cfb764dadf1783834f7fd83,0.3985714
70571faa93cac34c80e485b452d3f98f,0.3952373
705c767dbe2af26139ce5cd73fc96210,0.3616965
71552240dd63b2a4b5e3fe5613a2c1e2,0.42545545
715fc7d6dd153dbae39599128c9e40d8,0.48588353
718dda00c6923f01b6d2e7b74d4a292c,0.5320732
7273cabbf6890cc9692f1537734783e3,0.68016267
7289dc50fc510efc9ca2788c3277601e,0.35321987
72d1b09b27378be8fad5623a682a0b2f,0.48264524
7308c625050427d3af4b837f1b58be63,0.32752308
732d972fb071453c17cd817b295cca70,0.3534412
736581d94bd8726073ea5d856c4b3a60,0.46342131
73b55cec5dec2566fdfe110f311668ca,0.3345066
73c30d3c73e54ecac2b9e5239a888065,0.24251361
73de62db161edc620fbb94fa0c08a2e9,0.5430678
7412517ca11f3eb1ad457072e1ac1412,0.4419513
743688b62e8c2c87adf16c80f50b663b,0.5959498
756a71cb14c23dbc29b7ed8397dc036b,0.5786809
7596b152495a3cb24eea282bae111941,0.5989243
75e18e39f0e650ec9a981b9fb52454a1,0.32767144
75ef4ee394f14cb5631015861f54410b,0.4259543
7619dd10025707aae83d464883ccbe26,0.6081037
7687c82e2bddcf70574cc37dde6a4106,0.5190211
76dcda12f59def30c67c0779220750f8,0.54171807
76e5f7be481920e62278dc9e63d78238,0.44648853
76fc88d6d91e94390d282ca6a33ca725,0.41786557
7803c681704a0bc142b334097a2604b5,0.42419246
78ae79a364bc5f7cfc7122a25c346045,0.59420323
799326670ee9b3cce2af53170662831e,0.2525663
79d83fa87570c84a4b5f153e68be1fe5,0.3343824
7a0b3086e56530bb1b3c008b5e7b4879,0.37429237
7a1964d4f78aa6f839ceffdc2725970a,0.48396802
7a2fca05e21c7067b00fe8ee8df0353a,0.4041964
7a67392b97d01aec1ae0cb9246ab1081,0.38505298
7a713c2abfbb034ab342578a6fac58ae,0.2679771
7a7e2edb67860307da9cc1c0b9facbda,0.27714527
7addb407d2a9de91e5d41bbb0adbc407,0.43083817
7b355f484172ada698cba0bd697e4ef6,0.315779
7bb3ba41cc3e3077c70f8f270423804c,0.49474305
7c4f87a44bcf11b1250e8fa0546af712,0.48622778
7c689d697071fc2375b30191c886367c,0.37054098
7cb47bf9d071733c36df63f87c3a98a5,0.4791694
7d5abbe8c74a8779ba490399fdb94f89,0.63117105
7dfcfa431a7f0a5a7f116b0d783ffc5d,0.5341404
7e42f11b24fb144f2bd1a6051aa0f127,0.51757073
7e517b50e499036daa01f0e66aa7fdf6,0.4461934
7eb45a6e9c25d1300d366eb2919b138b,0.40542206
7ecf8655a4f330b51d137c5dad3a301e,0.6142459
7fc1e49afda89c62daab7d2616bd6b1e,0.52984804
7fdb78c8b989ee58ddbbf7b7f9159535,0.59780174
7ffed26d33ff4a0f4120a65ce57eed35,0.3467813
801584afe2a7edb4dc3fe855152bd98c,0.36217192
80202c047a1251c6cc7c1358981d3c26,0.51838356
80fca37516210b545dff029f55bc47d3,0.50891346
814394434605611feebd6f37b58a8344,0.3798333
81a9716a3457d8216658a78216ad24d1,0.4026811
81edc07b1a0b6a7472516b023abcdce0,0.4614794
81fb810af6ac679fd6a12b890ce23660,0.62669283
824d31ea57a62f3a4b9de664ec7305f0,0.3428818
82dcabaa51b72ccdf28c4cb216ab549f,0.399017
83439e543c516cc4d2d65b50b0cda7f2,0.39282212
83936d83e3c286ea302fb39929dcbd0b,0.34757498
850477a463787800b03280bd98b46ea1,0.5096864
8507da0222d614f01c45a10d33ed5758,0.47312945
858542b4506ea28fbf1cc1dab3dbbfab,0.26749688
85d4eb5dedf3e1e9c55656ed75fc7289,0.70199144
86204b5b515f0150d6ce480e6fb0ccf7,0.52656657
866a6716d2d45badb26cff60ad3108d5,0.5113808
86854e1f3afe2e7247bf8498f3273a97,0.37028408
86bcdf69708c75c5711eee5c09479377,0.56032836
877101bb1328eee1806d591dee1e137b,0.46184093
877afd262bb3b279b41807a90a8842cc,0.41203988
87aac7cf27feeb5b8f97cee4b34ea959,0.5477808
884356881727a5434cdf9862ae9359a1,0.6170584
887b4a482f565dc8fb621be04c666d1b,0.317792
88edbb01433dfc9ca6d5d6d4ad2283ea,0.36925718
88fd8f699c9478da15c98cb6f0629488,0.3022662
8975a9a4838dc8fb262061acaabc6948,0.23086403
898cb404ddf4b1a674cd4d0152310ffb,0.4479995
899e34beeb868fb3324c7526d9e3aa94,0.17787056
89a70264917728778fd9373f9233692e,0.3584075
89df1810e24ff2153ea422d00929831b,0.22727181
8a732805d3b49d15ee8fe04f711309d5,0.44645336
8ae4b48aa88b79ac0878bd6d224b3029,0.5037757
8b2f00cad1ee31a8d1055696b5f66250,0.3437401
8bd1a7cceb9293a6b548ec9533fdfdb5,0.53411305
8bdb73aa66fa091bbac5b7dc811dbbda,0.29079357
8c3190e864e1322def1cbc5da02452f1,0.32387695
8c3d44a23bd4475f200446e02a931eb3,0.44072276
8cb6157e6f0c0279dddc779c7a258d91,0.58379793
8ccc0b00d112390769594df3a8f277f7,0.3634139
8d06a3d8f4a0ed34dd4e05817f319bbd,0.30187944
8d78276ef7d41163c1f78a7bf30b6cc1,0.32135406
8d80491ed954c955ee4dd122934f2303,0.37807387
8dcd9bd1f339e7c9e8225820695b9912,0.43761817
8de9b781ae9232ea0aa6ae3af732d5db,0.34761232
8e29ba1ca01f44cbbddcd8624f6432df,0.47864
8e7e058b5b89040b57aa48198ce5486a,0.32030138
8eb4c5711c335f9a8bdea472660faa75,0.32109603
8eec8734cd98dfe6c23d30701da2dcdd,0.42121962
8ef66a1cd54d592b2927373818a44c73,0.6293483
8f31d36ed8797b7db637b6ef2ef47e2a,0.34156182
8f5522c3ff8462655486698c4cc449ed,0.31793413
8f8cbfc41992a5d3b6857d829217e408,0.5069205
8fe0ad209da47d271981f3fee0cb1b6f,0.4457127
8ffa819e28333261e67161c43e076721,0.4739792
9083721835938c77ca3cc7055b420d5c,0.28632036
9088d7ce9232add54364e5620696c757,0.70001256
90bd3f3d45d0155f1d166002987f5b90,0.35453635
90c9b3f4be613c39a5f1feeeeed7f9e6,0.5013394
90e391b8672a7e706ee822687d0eaf54,0.5156056
918f473893bb0cad92c576fbb0d69987,0.23495822
91ff03bc840fe7cd3ce803f98f25a7dd,0.3640514
92131faf8ff9aa6efb7a911072e4e961,0.5245433
9216f8882cd1ea2d77198a8e7e8f6c5f,0.35473958
9228a784fc57def569a3aef2048872e4,0.68525755
92bbdffd70dce42171530e228f67e6f6,0.39129737
92e957ccbdb765653194e1b82f9a1dc1,0.26363635
92ea676de035f02eab2f6a9c7595f670,0.49678606
93109b14bd27fd9b92b1f57b51f7b70b,0.6989194
934c0a5b384a45667929ae5eb19be8b0,0.5626313
94191c7606347a496020867dd9e25c64,0.39808738
9423d7fcdb3a842e5cbc9575b9c895ae,0.34826306
94723ac8417cef6e7331140b5baa5d81,0.42608222
947913ba3f5f459a5b5d243374d0b4e8,0.34717014
94ce6927f305049250499d8c90150379,0.34455144
94de531116d8ca5dfbe2a83a396db6b9,0.3111331
955c4c8db0685dc0e1e7353c62c31451,0.62745726
96606febeda00077a63295e50b69e18c,0.5215391
97144e8da0abdeb5776d41af922f1076,0.43320394
97c628a164f281c185805c2c2fbb210e,0.27287805
9843314a890cf2c290899f686c2948aa,0.46509758
9882b95ebce98b7972c4eed69e125ac5,0.3752016
98b630756cf37b76566aba86a0843fb5,0.4380333
98be29be38f40b95f7610c9d0b994d92,0.49260187
991d09b09e0f03bbc0231621e177a2aa,0.32308602
992cd6d98a2dece5926b7edb9a7fb86f,0.41831082
996bb88df3324c05d18294be715071ba,0.5581223
99a2f58358f6c2c8d2bb23dd919ba21d,0.361565
99bc423bc16753e19e67b4a1ae11ff3e,0.34500638
99bf7b71ef7a34621320261ede8a4dbc,0.43538883
99fc754912650d03059242b7478f18d8,0.3881419
9a1f4b0b6b9c0be6c3d273af03dc57de,0.27397728
9a79641e9c3e424f9d2b26827e3577f7,0.39642012
9ac04764c208cb8d78fdaf5491ee7b65,0.3694618
9b18268be66ea560f20891efc27a70cf,0.53258866
9b249bb0edaeb53e999fd83aa1bedf0b,0.45892417
9c2c0d1dd1fd70fba560c4df9382d29a,0.5176516
9ca2f5f63cd20eaa5017974a949b760f,0.35505527
9ca939881801b6f47dfd295d276c1671,0.56518453
9d5fb2c68bf39cbffbd7cbad0708d939,0.4542465
9d6e8dcce60c1da3e575ee1946719b24,0.46503365
9d802dcfafd485564dd56d15a7df47d0,0.3811449
9f05fc89a487bafefa57a2b7f25bcbcc,0.29645982
9f07a4f802502987f2d7e79ccfb48fac,0.6480569
9f0e63bbd1efa1727703e7bfd6d437b6,0.40631634
9f77e22d29934bb1f84f665c8029f298,0.42205432
9fa543ea170a7581d54b46f3cadec4d6,0.5152047
9fe2a27526dfd3f133b0384a87254376,0.29299048
a0f59549961faea0e48bc0337406aa08,0.46947536
a1088cb31f063e68d9486e9fa562a162,0.3890076
a2225945e0dd394c4b4469c52715ad3d,0.47279006
a24e90345152db1c5e68a0d081a42ac3,0.6365289
a2e0778098fc2e8aea61e7f7d86c651b,0.52840656
a2fba5f921c868356b9a6f43615c83eb,0.54617834
a34a28e51c063fc6c670bfaf9e346c56,0.4172207
a3853a82f348307b9e4d50ecd2aaac9f,0.32619795
a41d41df84ff234f81bfe5c33ee2287f,0.3143137
a5157102ca302b8d7bd7c0c10f57af4f,0.67744786
a52c0b84587e486de78e5c0793e5aac9,0.45802385
a54930bfcaf3b0c62e57a2fd5a0f221e,0.45035684
a57e8fcd1976e4a47a637ae0a23e86e5,0.3255412
a5997c311d26b8b9bc463ebc53a4e857,0.34390745
a61249495da236228550898062ababc2,0.34708336
a6283d0965744425baa060d830a441d6,0.3174859
a643ac78887011efaf5f3a32ccdab6db,0.65624624
a752412982dcc2339abdc12f8bedb29f,0.40387738
a7764f29065838b57e15d8bbc16934c4,0.5988237
a795563dd3222f022f4482ab69614fe2,0.54425347
a79d235177f2b6f6eeb18bb2ee92c3b3,0.28731373
a83cffe088d09bc185e2e5b2c8fd3791,0.44255492
a8a2b5dcd3f3931a0130264a628ae398,0.22129168
a9aeb72f145de0fa9d690863a29efe9c,0.34817848
aa45686833f5c3dc73f7ff1dfdf19587,0.48539358
aa5dc9ee527be49f07f2c00c0fba47fe,0.28876328
aa90f7101715768e9ffe4f6454f37cf5,0.48657933
aa9252d2b26afd2331e1bfcddc4b9a20,0.34523875
aab572265e384b16a933c8b901f0f76e,0.60184634
ab2dd67afd9d5646af35e80f3cf9ad23,0.49632058
ac198360a4d46d4349ee20aa0e1b62af,0.59750974
ac281592786482d46846c68b5914e0ed,0.4288607
ac44f0f16b5c07da36321f0a81ce3759,0.3354406
ac7cf84dc251717ab7cceda3de250fc8,0.3148245
ac82a7aeabbefc3ed9b13b290e955925,0.46296075
ac85cf7ddf00a22912abe27d6958c3af,0.40789354
acc84032917861532e2de29f482e9aa4,0.4581257
acfb1fd97b5b36e564aed73ff5690a40,0.38608217
ad23d05929724dc671ba38db39af3a6c,0.3123002
ad5a7c45ac53546879b41376052fbfdc,0.3322893
adab01d6865023df8b516944db62473e,0.35339954
adb3df35d4be759adc4fd4191698a049,0.34077817
adcc9b0da31923388f5281be44b2e38d,0.30395627
ade222920063e34aab9064a9d2ef6dde,0.4256683
ae44ec530302f887bc5a084897e997a0,0.40059087
ae566d65c97780aa89dac453b19fd893,0.57177925
ae5983aa1c7cccfef69678d53d1dffd7,0.4721058
aea98c0a2d07f10f90884fc4bc6c26a0,0.33003336
afdbf79b56a5c462e64392e2e0714cd8,0.5015306
b04c2b2816df378b0d599e1b9836d527,0.5845823
b07e5edf2ea48d9c54424f8fc432d102,0.42264107
b082104563ec2c9f839de7da02a1defb,0.52693355
b146c69f804df8a83dd46d13a49dab21,0.44205776
b1874ed0b1af6313846ac86802e858e0,0.5137455
b2727f4d040074c9ee9e8154ab3950df,0.34753504
b27dc6dc1eb4e6430be6d39e40241233,0.28355494
b2f210cb171e425463e57981f15086b3,0.38628876
b315d9f730d59b1608411cd9c1e9486d,0.3420975
b3539346119c37dc699079a9bf80bc51,0.38876194
b369800c606a3c62d53c0aa5edb286fc,0.37255403
b36e3323279db077b7f8b5dfe0088397,0.31689793
b3d24a79473d8786becbcb7c4adce6bc,0.3413385
b58d76184f8ad23bb3df64be043f9218,0.40688097
b5fc380541c3930afaf98f5d8ea10865,0.6250812
b643520f7228224654499eb949e69429,0.43661106
b66d8795082300ad68545d0eb3cfa221,0.42108506
b68f51c1588aa80726282637d285f2ed,0.539899
b6ac068fcee90782ff0213a9cf4fa8f4,0.43173915
b6c55644d63a94795ece78ba2ba85d47,0.5872142
b6e9b699603cfcf7e98468d9b2c0f615,0.5404465
b7e7cfa300582655019b6db08975c693,0.41813076
b7f171eaf9dc1f0f8c681c30951518a4,0.45705748
b882f075946d773a435e7498696f5cf4,0.4463165
b884647d2eb19f8c494d04ff978e4697,0.35916576
b8d674d491366ffe75bb10ccf7f370c6,0.38534412
b8f665c8f495f299059c20b4dd3ac2d1,0.6720129
b90dc8125702aba82d9137bf3c2bf377,0.8004074
b948738d336d9db9f94f39c9a3c5f877,0.5440438
b9666bfe3c0b74603e2f030fed7519de,0.45749524
b97fd531fc7522b00e72532d8fa9f38d,0.32483736
b9a260e8f02f4538a0430d333085401a,0.5323948
b9ceebb101fddaeb9a937923f1580428,0.48875514
ba10015e28038da87ab3ceae2f959704,0.36418134
ba60ca6f0b9093a5570317505d896df3,0.41932103
ba6aa99a225e802b42073c24f4878b88,0.5428852
ba96b405a7a429c03cf7906ffb29b0ed,0.5933053
bae6e9a45e7df6aeb7e8a87b8760ae92,0.5303139
baea87752af872174964dd3473d38526,0.45683345
bb0550c15a1e0cb3e6cf6aab0969d2b7,0.353333
bb0b1ade310d72103d513a0c89393d89,0.44642663
bb6fdb24c079cbea0c077df5ee3d5341,0.38713247
bba08350e4aa3cc619caad4cae1d63eb,0.71414566
bccded16bc6879d2729722aa8925d98c,0.31751987
bd693005ec5471f88426c0bdaabbd427,0.4108257
bd6b40c3fae25f93646e1c5fff550bfd,0.31234333
bd787a2f7be1caa5bdb4c27662da99ef,0.4851867
be4c0b63aa5e96df822d00d41d778d87,0.25423506
be7ef53cdf081151204121ae1d248431,0.40325883
bf2521857410ea74062dab71063413af,0.42783657
bf29ffddb2fafaff913a3cb79d027e3e,0.45003483
bf6f6f29e6d8b1e3bf773f405c64eb54,0.4334164
bfa5da8cab8a2258412c38d00ff0a595,0.38151637
bfc5d09b4971ac506ece7b4670d6bf65,0.33808407
bffd6cb498f85c0554c677c3086b3611,0.27455065
c0034a28c4c0fe84c36f477086d4740a,0.3175604
c0eba9612d0d533dea64ec895ffb2480,0.49585974
c0f9c5ca802a3ed926642dfdd06e027c,0.57385045
c103aa92f8c8f4babfff703dbed40172,0.66385484
c147a9cd79679e1cf8597dc6f9e72567,0.37666816
c159f0bca7df9f6dd58ef2ecf7c93791,0.42657363
c1a4076674a957eaa3caddff7bbe5b7a,0.35365042
c1f224087a8dfe9c59f02d5857145359,0.5445045
c20371cb1683ff049f277439b4aafb28,0.3226692
c26531a240709f992f8131e4584b3170,0.7857655
c2b11a9e21236ea3b200c4b98c7e7524,0.39685994
c2c0ccc732f261297cbd0fd29407a2d3,0.4020521
c3718badd2812d3833e4b8981d0d1e1b,0.36798507
c372ee85b4be348075575059c82be034,0.48236096
c3ea1c9614d17f942a447aae455729e7,0.3260817
c420ad26a6424e224c711824401c2406,0.39399222
c44ffe3e31611296a25cee97e53b9d6c,0.40001348
c53dc6351548b0593d182c494b0a85f8,0.38755608
c5acd7967ffdc2446da127f429ea059e,0.5370633
c5cfca68c83986f1f548d69bbf6a2e52,0.34152928
c605620a83c147ca6516af03c70c52d1,0.3866521
c6797cb9a52d7fcfa1bb0bbb5b5b5651,0.49261767
c68b81d4271f3c5ae17fe55b2bb067b3,0.53586507
c6dfe498607cdc43e19406a1d32ef919,0.37494722
c6fcb451802f79920192a329c274c893,0.34887454
c70c309465d06bb118c88bcee64b4787,0.5708894
c75af53ff77eb5a37b34e350754d2bb8,0.2609678
c798316158a5f7354904f44f088b4e3b,0.38873792
c8be102fcd2a0cfdb9a3d2a26cad45f7,0.2831893
c8e21bdf77a1cf6ee994e5600adafd86,0.47425964
c941fe885e3026c1c6af4b73eea14e2b,0.30280972
c9976d4c61a2c70ff6f9116d0dee0b80,0.6732964
c9e12367fbe01f2bcef0016764367e06,0.35998914
c9e65a6b61fed91f0da7d9a44df75bdb,0.35716176
ca202c21ab7269618d038ee9ecbc8456,0.30824748
ca4b8bf91f708113a62d00b1cdcbefe2,0.36103868
ca6d5390a1ac99d9eb3ae0d62bec3509,0.61930335
ca8aeff4b603f687c21bf6764d557f41,0.46718982
cac6b69b7fd9a0dfb731d22436ef3d0e,0.25053775
cb2e0817eccbaf5e9a27dac32050843a,0.39419195
cbc8ad9fd25c13a4e82aa798c7ce1b57,0.5477013
cbe7f1ee395c0018719e2d234ee2d183,0.40000638
cc0f0e69ab9a7dec22fcc5dda2a37e23,0.32178825
cca4393980e525cf7e052e4473d47074,0.5099995
cce2784988e35787e964b8a48f0dca52,0.34469613
cd1d5b18566bdbb284d784bdde5744b0,0.49650759
cd94dea8d9bb2fe0b7974822c647cef2,0.5409748
d027084e7a6f112eea53edb6e96f4f5b,0.39056736
d02aa4b7270f25d0f4413a2299648b1f,0.2836204
d057caa3a605d07b95acda8f9c56f5ec,0.41247037
d12dd77a7c7f692b354312d88910445a,0.54165787
d1498f0c60ac114b302a7090a269f89a,0.63928497
d2098ab4a12e71b7265305580db4145d,0.7287863
d28bedeeeb9d6d6773a8c965481163fa,0.4462745
d29d8f57cad284ff433ca4d6a93e6c28,0.7001975
d2aba2e26bb9ece9381a8d2572dccc63,0.525532
d2d59696a8d774beb110f18377965260,0.5685187
d3daf4329c6c071853abf44e0896cc42,0.51038146
d4dd94cb87c93bdc922a8d34e215f89d,0.4543569
d537e3544dc0ec1cfa5818326d3d7edc,0.27138504
d58d159b2ff2e8a8126adaa406b845e1,0.60389465
d5bff6e13e4d00c7301404df709f4d36,0.4491939
d6ae7721bbc260db492d08974d832679,0.3352566
d6d0454c917039cbdfe15707d874dbe8,0.43506336
d78977f41ba412d70670d01f9fc95b72,0.25920692
d7a56b2486b7cd0e03599c10a1361515,0.40941536
d7ffb43ec87640d25155d047b0fb0777,0.3510741
d850824b80f81ffc0a080d0dc60f8505,0.6303334
d8a439a820e0c01236d150b0f0229acb,0.34395528
d8c3316066e1fa332443ecdb5454176b,0.5312671
d92b0057b83d362b33c7e4cae8b67191,0.46557716
d95fef256cbdc977b9cfe11e2f06b96b,0.59586525
d97201ec57faacde21923d26014e802b,0.30911213
d9be385e21c616fe2228bf53fb32e415,0.29078087
d9f29544cd3928b20fe9707d2f919918,0.54154027
da5bee69ef772c481b9590fb367d1b3b,0.6273652
dac871c347bb022b017d6b29a85b8987,0.5273458
dadf92d52036bc7bfb1b802379e1cdb0,0.3293564
db44056aae190234a80c34388cce9888,0.8100836
db9851149b37fa2440fc4418294eae58,0.45968533
dc9eb487bf5e669201f1273932fc6152,0.53685683
ddec7abe598e486e048549c5f18cca45,0.32927972
df1b4a19e0fd488f71a722a4328c95a8,0.31892827
df3c959c6ca886d0dc209a067153b538,0.50250643
df4c8722c3e9757c44d7355c62930e67,0.37117347
dfaab4164bb7093a387c6b4f820b13db,0.38605317
e0049d0e3833b2978f0c5d14534cf29d,0.381252
e172b49753dcbeaf2a4a492a11ff2c36,0.3270516
e19f4e3c891be251bc3d3213b39579b7,0.73551637
e240871e218ae175f6263801378dcca1,0.44556388
e28246264d735aa44ecf3894c6219c10,0.43882248
e29c7f97e1185142f7b1bc9b045459bb,0.34110996
e2af593dd37ad9efb0b2ee69ae28181d,0.59545714
e306fd094a0991bfae3566801e077473,0.3049639
e30cee39b49cc8f7239beef189c15436,0.4945887
e35ece8adb5e6ac116f2c501578ab5a4,0.4552962
e3f89b6433f20b3597d42193df4d3ce4,0.36624297
e40c188b48edac69c1e7f215ca3421a7,0.49218395
e433c67b4ced88af165f5322aa67b211,0.33724913
e468ef9cdd2893ecb602e9605b06bdde,0.3978456
e4763d78028ccb1883a3f756bef9ffba,0.32932347
e4c3a3e6d76b76749e550c34a98d357d,0.32900533
e5072cfc598c54d466969032ca54d63f,0.45184413
e53a67cc9a3c311c533553eabfa86aca,0.222939
e54db5fb66dc4449f7b6c32136221814,0.6034553
e6137b87472d1c11e0fb9ca81a055ead,0.31573755
e615e91ce8b3c0665dbe9cf2b8dd4ea1,0.67392766
e61d3041a1e6e49e77b361f5599333aa,0.58653235
e65e021b3375a0d3fe97bf5a5b8f3ff2,0.5325513
e66feee7bb428ae191c6dfe9f185bb6e,0.41339427
e6867af4e54bf413196fb511f2721f1e,0.49798328
e6c0ba3d40d21da5a3223a1f7aa87e9e,0.34307954
e72d4c0e60ed7ddf479980d710a39bc1,0.3474015
e75349ca247696be5f4a283d449baabe,0.29695004
e7952326d7fd1e359d33bccf918a73f0,0.32048026
e7bce046813a4f86e1400ba36e0eea1b,0.4800787
e87c2a82466fac99b0019bd66f7b99ed,0.31827626
e89f8505edcc1828967b118a4a128497,0.61232406
e9101ffb7166383387c605feb71f63d7,0.30437478
e94d1278ae4e76c8c1b9e024a7ed83d6,0.32691172
e976202a67414f630a5322b46ede575d,0.459744
ea344de37e46e4c8bd11acbdacbf7fa9,0.4138484
ea48c2db9f4299e810a34b1dd72fa383,0.55729985
eabc726be712ca8e46567c86f30ce7f5,0.35235038
eb50362e936b5f125411a174223ce580,0.61340225
eb6764f86b7400539073d984c61d0975,0.40288258
ebba62a79916fbaf0ae73efa3228feb4,0.47225347
ec29de5a5b21cfe3eb5586cdf4760774,0.46214274
ec506e3afeb57bf29e8a0c20bbc07468,0.31601802
ec99b14fbb3fa2943209cc2824f693b0,0.45265013
ecfb8a63a01fbcc9a60307b0dd0775bd,0.5678249
ed2d34a5168b60badec71d561ae4c430,0.74360895
ed2d5456bba8340dd75c37463b0a34a2,0.8242457
ed5de1c54eb575d027cfdce48fa15d2d,0.5611539
ed7f8fdb0f4054710a2836e7005edcaf,0.46287286
ed8b0ac27ca257f61ef7c96d43f8ea4f,0.4602178
ee18d5d52340b9913fa423c32011722a,0.39078376
ee251b0c0950181c7ee2ebeffaa88411,0.337396
ee2c116a6ef1d413ca62641f3e62e4da,0.34353274
ee699a500ea8e7a58ca70f926a35ebfe,0.5364901
eedc5ec53f7eebb1f326a03bb2e03a4d,0.43091083
eee19ffe2cbb8d4fd52d204b2571b660,0.5266989
ef8df0b0e054edf55015de8956e96883,0.37890625
ef8e6a57c7a4fd1526908ec4fcd97260,0.4661374
efa612c98335533cecb0ad7bf32e44d2,0.45785767
f032a6d61a0850fd4c91da4b48927184,0.30793092
f0453931a6cff016b3242475cf328adc,0.41372865
f094789fb0b0a2dee28ca876210f992e,0.40085533
f11d7a67d566a5a94d8643023a4dc60e,0.48672003
f13f0e52bf6148bb8bd24662a6078ff6,0.2892384
f16f0e8dc610bf419eb32c31269e33ec,0.5397557
f1cf3366be8f5dce018e3e137eb2a1c4,0.43991217
f1da7a2a14221d68baf6637e4996452e,0.34976956
f26bf77be9bfa843607f64d6a6bd2418,0.4028506
f2709d57270be45499b16a09d9af8951,0.62214476
f2b5ed79293b0c8ef1c9abc34863cb87,0.5999624
f2cf63568a152c400cf2f6431c77a2c7,0.36259276
f3cf1d69cb216709532100f5f635bffe,0.42634574
f3e3641d80d5fe5302a3f4419b7e26b6,0.5497546
f412529c2d44859e8c1cfa9857ebc8a5,0.24352188
f420b6cc52d7140a708968c0da37cd44,0.33472282
f43bf95922f8ae0078cf4fda3296e7d9,0.5540888
f49804405d6e5aa0e6aeda05effb7de1,0.30634734
f49b5cb001574af87e558e8e9889627f,0.31588635
f4afb59528cebc70c36d6675d7295e2c,0.6524075
f519737e443b35f93ed83aa7a1e2bd7b,0.48471552
f56fc3660ebb76b9632d41cf23738184,0.4239494
f5723acd3730292af8841cbb6ec30b72,0.3501531
f643ac6e0c9c01de568baa281e405748,0.42985165
f68e6e413fd4c2cce17ce6ccc21a936c,0.28855446
f69b1494831a1742ea26af97990ef36c,0.55115163
f734e8466648d91596cf11381a72e523,0.48828128
f735999ba35f5d6c04bd54bbb80dbac7,0.5069077
f84e0738fa2718e5c1e03de6590448a6,0.27096596
f876be13f00417fda4892a53d0d1ac70,0.25981537
f87cb155d9500782129b6753f94a0e46,0.5661501
f887db4af526b78eee5a1a7ff07609aa,0.38786402
f88a27513bccc68b4f6ee98ace8e8213,0.28815904
f8927cdee651135bcb99b712b43349ad,0.51743317
f8e17cb4c31f22ce031510b8568c2a75,0.56643176
f8e8f3a7005397829b13145d2653a8b9,0.2654296
f92fe058716fb74f2b0e8f1aef26c7d3,0.45652974
f98937fdc9f2351a8d3c1acb38234702,0.5099285
fa49f003ebb66fc31fa8e2b9fe208437,0.51158625
fa646b310bbc3837afff4ea1862ea0ec,0.48365426
fa87f4c5656bb0ab57eacd210366f071,0.42524883
fb08aab11372fb79a8fdb7ba1209da43,0.31846532
fb0e5a172ad766c9b27fb8d27769701d,0.6486282
fb3081e7f534f8fefe74af3420e215fe,0.42008942
fb3689cb5cc793c0839a01d43467bbc0,0.52881557
fb54a60e0ceffd09e33df74fff6920c9,0.5096864
fbcf06a239a52329d297ff7e4571a448,0.32016382
fbe036c4deea50ac36feeb4985d9c079,0.44915235
fc0c7c937f139bd6d1c5b5d0a0023dd3,0.6919365
fc8de34c5f40f0fc9af2728937a4dac9,0.47568825
fc9c65495fdefaedc4a30f4aed842419,0.44235864
fd69f6a3feb052176755303cfb30654b,0.51124
fd7f076618df1d17dfa384b5457b10bd,0.3095918
fdc9946769b1a64d5320364c1a34ca9a,0.4130405
fe084e295034c4bd6ae4498af6882bb5,0.5527922
fe9c3e9c58a97ba6c2922237bfc2a7c6,0.27751315
fee8ac01c79388b623134d61d49c8900,0.4749661
ff3fe45f7240273e9e22dbffbdf8fd48,0.46740952
ffb2ae2399e91e4e0c1e10304d6d4d0b,0.30521905
